Ref Des,Qty,Manufacturer,Mfg Part #,Description,Package,type,Category,Notes,shenzen open parts list (seeed szopl), Fab layer text, Datasheet
C1,1,AVX,TAJB226K010RNJ,SMD CAP Tantalum 22uF-10V 10%,3216-18,SMD,Capacitor,also see szopl# 302020021,1425,22uF,https://datasheet.octopart.com/TAJA226K010RNJ-AVX-datasheet-12511273.pdf
"JH1, JH2",2,CJT,A2541HWV-13P,1x13pin 2.54mm female 180deg box header,?,PTH,Connector,,,01x13_teensy_top; 01x13_teensy_bottom,http://cjt.com/upload/A2541.pdf
JH3,1,CJT,A2541HWV-7P,1x7pin 2.54mm female 180deg box header,?,PTH,Connector,,,01x07_teensy_right,http://cjt.com/upload/A2541.pdf
POWER1,1,JST,S2B-XH-A(LF)(SN),XH series wire-to-board connector Female 2.5mm 2P Right-angle 胶壳配:XHP-2,?,PTH,Connector,,20,Conn_01x02_POWER,https://datasheet.octopart.com/S2B-XH-A%28LF%29%28SN%29-JST-datasheet-63094.pdf
RADIO1,1,CJT,A2541HWV-2x4P,2x4pin 2.54mm female header 180 deg,?,PTH,Connector,,,Conn_02x04_RADIO,https://www.cjt.com/en/pro_show.php?id=15709; https://www.cjt.com/UP/A2541HWV-2xXP_dwg.pdf
"ROTARY1, LEDS1",2,JST,S4B-XH-A(LF)(SN),XH series wire-to-board connector Female 2.5mm 4P Right-angle 胶壳配:XHP-4,?,PTH,Connector,,1074,Conn_01x04_ROTARY; Conn_01x04_LEDS,https://datasheet.octopart.com/S2B-XH-A%28LF%29%28SN%29-JST-datasheet-63094.pdf
U1,1,Texas Instruments,SN74LV1T125DCKR,"Single Power Supply, Single BUFFER GATE w/ 3-State Output",SC70?,SMD,IC,74LV1T125 level shifter 5v out,,SN74LV1T125DCKR,http://www.ti.com/product/SN74LV1T125