<?xml version="1.0" encoding="UTF-8"?>
<export version="D">
  <design>
    <source>/Users/100ideas/Documents/kicad/hack1/hack1.sch</source>
    <date>Thursday, December 19, 2019 at 04:52:26 AM</date>
    <tool>Eeschema (5.1.5-0-10_14)</tool>
    <sheet number="1" name="/" tstamps="/">
      <title_block>
        <title/>
        <company/>
        <rev/>
        <date>2019-12-12</date>
        <source>hack1.sch</source>
        <comment number="1" value=""/>
        <comment number="2" value=""/>
        <comment number="3" value=""/>
        <comment number="4" value=""/>
      </title_block>
    </sheet>
  </design>
  <components>
    <comp ref="ROTARY1">
      <value>Conn_01x04_ROTARY</value>
      <footprint>Connector_JST:JST_XH_S4B-XH-A_1x04_P2.50mm_Horizontal</footprint>
      <datasheet>~</datasheet>
      <libsource lib="Connector_Generic" part="Conn_01x04" description="Generic connector, single row, 01x04, script generated (kicad-library-utils/schlib/autogen/connector/)"/>
      <sheetpath names="/" tstamps="/"/>
      <tstamp>5DF4616F</tstamp>
    </comp>
    <comp ref="JH1">
      <value>01x13_teensy_top</value>
      <footprint>1_liteswarm:PinSocket_1x13_P2.54mm_Vertical</footprint>
      <datasheet>http://cjt.com/upload/A2541.pdf</datasheet>
      <libsource lib="1_liteswarm" part="01x13_teensy_top" description="Generic connector, single row, 01x13, script generated (kicad-library-utils/schlib/autogen/connector/)"/>
      <sheetpath names="/" tstamps="/"/>
      <tstamp>5DF3A51A</tstamp>
    </comp>
    <comp ref="LEDS1">
      <value>Conn_01x04_LEDS</value>
      <footprint>Connector_JST:JST_XH_S4B-XH-A_1x04_P2.50mm_Horizontal</footprint>
      <datasheet>~</datasheet>
      <libsource lib="Connector_Generic" part="Conn_01x04" description="Generic connector, single row, 01x04, script generated (kicad-library-utils/schlib/autogen/connector/)"/>
      <sheetpath names="/" tstamps="/"/>
      <tstamp>5DF451C6</tstamp>
    </comp>
    <comp ref="RADIO1">
      <value>Conn_02x04_RADIO</value>
      <footprint>Connector_PinSocket_2.54mm:PinSocket_2x04_P2.54mm_Vertical</footprint>
      <datasheet>~</datasheet>
      <libsource lib="Connector_Generic" part="Conn_02x04_Odd_Even" description="Generic connector, double row, 02x04, odd/even pin numbering scheme (row 1 odd numbers, row 2 even numbers), script generated (kicad-library-utils/schlib/autogen/connector/)"/>
      <sheetpath names="/" tstamps="/"/>
      <tstamp>5DF58157</tstamp>
    </comp>
    <comp ref="JH2">
      <value>01x13_teensy_bottom</value>
      <footprint>1_liteswarm:PinSocket_1x13_P2.54mm_Vertical</footprint>
      <datasheet>http://cjt.com/upload/A2541.pdf</datasheet>
      <libsource lib="1_liteswarm" part="01x13_teensy_bottom" description="Generic connector, single row, 01x13, script generated (kicad-library-utils/schlib/autogen/connector/)"/>
      <sheetpath names="/" tstamps="/"/>
      <tstamp>5DF36923</tstamp>
    </comp>
    <comp ref="JH3">
      <value>01x07_teensy_right</value>
      <footprint>1_liteswarm:PinSocket_1x07_P2.54mm_Vertical</footprint>
      <datasheet>~</datasheet>
      <libsource lib="1_liteswarm" part="01x07_teensy_right" description="Generic connector, single row, 01x07, script generated (kicad-library-utils/schlib/autogen/connector/)"/>
      <sheetpath names="/" tstamps="/"/>
      <tstamp>5DFBA8DB</tstamp>
    </comp>
    <comp ref="POWER1">
      <value>Conn_01x02_POWER</value>
      <footprint>Connector_JST:JST_XH_S2B-XH-A_1x02_P2.50mm_Horizontal</footprint>
      <datasheet>~</datasheet>
      <libsource lib="Connector_Generic" part="Conn_01x02" description="Generic connector, single row, 01x02, script generated (kicad-library-utils/schlib/autogen/connector/)"/>
      <sheetpath names="/" tstamps="/"/>
      <tstamp>5DF55FC2</tstamp>
    </comp>
    <comp ref="C1">
      <value>22uF</value>
      <footprint>1_liteswarm:TAJAB226K010RNJ</footprint>
      <datasheet>https://datasheet.octopart.com/TAJA226K010RNJ-AVX-datasheet-12511273.pdf</datasheet>
      <libsource lib="Device" part="CP" description="Polarized capacitor"/>
      <sheetpath names="/" tstamps="/"/>
      <tstamp>5DFD91A9</tstamp>
    </comp>
    <comp ref="U1">
      <value>SN74LV1T125DCKR</value>
      <footprint>1_liteswarm:SN74LV1T125DCKR</footprint>
      <libsource lib="1_liteswarm" part="SN74LV1T125DCKR" description=""/>
      <sheetpath names="/" tstamps="/"/>
      <tstamp>5DFDDCF3</tstamp>
    </comp>
  </components>
  <libparts>
    <libpart lib="1_liteswarm" part="01x07_teensy_right">
      <description>Generic connector, single row, 01x07, script generated (kicad-library-utils/schlib/autogen/connector/)</description>
      <docs>~</docs>
      <footprints>
        <fp>Connector*:*_1x??_*</fp>
      </footprints>
      <fields>
        <field name="Reference">JHx07</field>
        <field name="Value">01x07_teensy_right</field>
        <field name="Footprint">Conn:PinHeader_1x07_P2.54mm_Vertical</field>
      </fields>
      <pins>
        <pin num="1" name="SCK0" type="passive"/>
        <pin num="2" name="A12" type="passive"/>
        <pin num="3" name="PROG" type="passive"/>
        <pin num="4" name="GND" type="power_out"/>
        <pin num="5" name="3.3V" type="power_out"/>
        <pin num="6" name="Vin_out" type="output"/>
        <pin num="7" name="MISO0" type="input"/>
      </pins>
    </libpart>
    <libpart lib="1_liteswarm" part="01x13_teensy_bottom">
      <description>Generic connector, single row, 01x13, script generated (kicad-library-utils/schlib/autogen/connector/)</description>
      <docs>http://cjt.com/upload/A2541.pdf</docs>
      <footprints>
        <fp>Connector*:*_1x??_*</fp>
      </footprints>
      <fields>
        <field name="Reference">JHx13</field>
        <field name="Value">01x13_teensy_bottom</field>
        <field name="Footprint">1_liteswarm:PinSocket_1x13_P2.54mm_Vertical</field>
      </fields>
      <pins>
        <pin num="1" name="GND" type="power_in"/>
        <pin num="2" name="0" type="BiDi"/>
        <pin num="3" name="1" type="BiDi"/>
        <pin num="4" name="2" type="BiDi"/>
        <pin num="5" name="3" type="BiDi"/>
        <pin num="6" name="4" type="BiDi"/>
        <pin num="7" name="5" type="BiDi"/>
        <pin num="8" name="6" type="BiDi"/>
        <pin num="9" name="7" type="BiDi"/>
        <pin num="10" name="8" type="BiDi"/>
        <pin num="11" name="9" type="output"/>
        <pin num="12" name="CS0" type="BiDi"/>
        <pin num="13" name="MOSI0" type="BiDi"/>
      </pins>
    </libpart>
    <libpart lib="1_liteswarm" part="01x13_teensy_top">
      <description>Generic connector, single row, 01x13, script generated (kicad-library-utils/schlib/autogen/connector/)</description>
      <docs>http://cjt.com/upload/A2541.pdf</docs>
      <footprints>
        <fp>Connector*:*_1x??_*</fp>
      </footprints>
      <fields>
        <field name="Reference">JHx13</field>
        <field name="Value">01x13_teensy_top</field>
        <field name="Footprint">1_liteswarm:PinSocket_1x13_P2.54mm_Vertical</field>
      </fields>
      <pins>
        <pin num="1" name="Vin_5v" type="power_in"/>
        <pin num="2" name="GND" type="power_in"/>
        <pin num="3" name="3.3V" type="power_out"/>
        <pin num="4" name="A9" type="BiDi"/>
        <pin num="5" name="A8" type="BiDi"/>
        <pin num="6" name="A7" type="BiDi"/>
        <pin num="7" name="A6" type="BiDi"/>
        <pin num="8" name="A5" type="BiDi"/>
        <pin num="9" name="A4" type="BiDi"/>
        <pin num="10" name="A3" type="BiDi"/>
        <pin num="11" name="A2" type="BiDi"/>
        <pin num="12" name="A1" type="BiDi"/>
        <pin num="13" name="A0" type="BiDi"/>
      </pins>
    </libpart>
    <libpart lib="1_liteswarm" part="SN74LV1T125DCKR">
      <footprints>
        <fp>DCK5</fp>
        <fp>DCK5-M</fp>
        <fp>DCK5-L</fp>
      </footprints>
      <fields>
        <field name="Reference">U**</field>
        <field name="Value">SN74LV1T125DCKR</field>
        <field name="Footprint">DCK5</field>
      </fields>
      <pins>
        <pin num="1" name="*OE" type="input"/>
        <pin num="2" name="A" type="input"/>
        <pin num="3" name="GND" type="power_in"/>
        <pin num="4" name="Y" type="output"/>
        <pin num="5" name="VCC" type="power_in"/>
      </pins>
    </libpart>
    <libpart lib="Connector_Generic" part="Conn_01x02">
      <description>Generic connector, single row, 01x02, script generated (kicad-library-utils/schlib/autogen/connector/)</description>
      <docs>~</docs>
      <footprints>
        <fp>Connector*:*_1x??_*</fp>
      </footprints>
      <fields>
        <field name="Reference">J</field>
        <field name="Value">Conn_01x02</field>
      </fields>
      <pins>
        <pin num="1" name="Pin_1" type="passive"/>
        <pin num="2" name="Pin_2" type="passive"/>
      </pins>
    </libpart>
    <libpart lib="Connector_Generic" part="Conn_01x04">
      <description>Generic connector, single row, 01x04, script generated (kicad-library-utils/schlib/autogen/connector/)</description>
      <docs>~</docs>
      <footprints>
        <fp>Connector*:*_1x??_*</fp>
      </footprints>
      <fields>
        <field name="Reference">J</field>
        <field name="Value">Conn_01x04</field>
      </fields>
      <pins>
        <pin num="1" name="Pin_1" type="passive"/>
        <pin num="2" name="Pin_2" type="passive"/>
        <pin num="3" name="Pin_3" type="passive"/>
        <pin num="4" name="Pin_4" type="passive"/>
      </pins>
    </libpart>
    <libpart lib="Connector_Generic" part="Conn_02x04_Odd_Even">
      <description>Generic connector, double row, 02x04, odd/even pin numbering scheme (row 1 odd numbers, row 2 even numbers), script generated (kicad-library-utils/schlib/autogen/connector/)</description>
      <docs>~</docs>
      <footprints>
        <fp>Connector*:*_2x??_*</fp>
      </footprints>
      <fields>
        <field name="Reference">J</field>
        <field name="Value">Conn_02x04_Odd_Even</field>
      </fields>
      <pins>
        <pin num="1" name="Pin_1" type="passive"/>
        <pin num="2" name="Pin_2" type="passive"/>
        <pin num="3" name="Pin_3" type="passive"/>
        <pin num="4" name="Pin_4" type="passive"/>
        <pin num="5" name="Pin_5" type="passive"/>
        <pin num="6" name="Pin_6" type="passive"/>
        <pin num="7" name="Pin_7" type="passive"/>
        <pin num="8" name="Pin_8" type="passive"/>
      </pins>
    </libpart>
    <libpart lib="Device" part="CP">
      <description>Polarized capacitor</description>
      <docs>~</docs>
      <footprints>
        <fp>CP_*</fp>
      </footprints>
      <fields>
        <field name="Reference">C</field>
        <field name="Value">CP</field>
      </fields>
      <pins>
        <pin num="1" name="~" type="passive"/>
        <pin num="2" name="~" type="passive"/>
      </pins>
    </libpart>
  </libparts>
  <libraries>
    <library logical="1_liteswarm">
      <uri>/Users/100ideas/Documents/kicad/hack1/1_liteswarm.lib</uri>
    </library>
    <library logical="Connector_Generic">
      <uri>/Library/Application Support/kicad/library/Connector_Generic.lib</uri>
    </library>
    <library logical="Device">
      <uri>/Library/Application Support/kicad/library/Device.lib</uri>
    </library>
  </libraries>
  <nets>
    <net code="1" name="GND">
      <node ref="ROTARY1" pin="1"/>
      <node ref="JH1" pin="2"/>
      <node ref="U1" pin="3"/>
      <node ref="U1" pin="1"/>
      <node ref="C1" pin="2"/>
      <node ref="POWER1" pin="2"/>
      <node ref="JH3" pin="4"/>
      <node ref="LEDS1" pin="4"/>
      <node ref="RADIO1" pin="1"/>
    </net>
    <net code="2" name="Net-(JH1-Pad4)">
      <node ref="JH1" pin="4"/>
      <node ref="ROTARY1" pin="4"/>
    </net>
    <net code="3" name="+VDC">
      <node ref="POWER1" pin="1"/>
      <node ref="U1" pin="5"/>
      <node ref="LEDS1" pin="1"/>
      <node ref="JH1" pin="1"/>
    </net>
    <net code="4" name="Net-(JH1-Pad10)">
      <node ref="JH1" pin="10"/>
    </net>
    <net code="5" name="Net-(JH1-Pad12)">
      <node ref="JH1" pin="12"/>
    </net>
    <net code="6" name="Net-(JH1-Pad13)">
      <node ref="JH1" pin="13"/>
    </net>
    <net code="7" name="Net-(JH1-Pad3)">
      <node ref="JH1" pin="3"/>
    </net>
    <net code="8" name="Net-(JH1-Pad5)">
      <node ref="JH1" pin="5"/>
    </net>
    <net code="9" name="Net-(JH1-Pad6)">
      <node ref="JH1" pin="6"/>
    </net>
    <net code="10" name="Net-(JH1-Pad7)">
      <node ref="JH1" pin="7"/>
    </net>
    <net code="11" name="Net-(JH1-Pad8)">
      <node ref="JH1" pin="8"/>
    </net>
    <net code="12" name="Net-(JH1-Pad9)">
      <node ref="JH1" pin="9"/>
    </net>
    <net code="13" name="P17_Vin">
      <node ref="JH3" pin="6"/>
      <node ref="LEDS1" pin="2"/>
    </net>
    <net code="14" name="Net-(RADIO1-Pad8)">
      <node ref="RADIO1" pin="8"/>
    </net>
    <net code="15" name="CSN">
      <node ref="RADIO1" pin="4"/>
      <node ref="JH2" pin="12"/>
    </net>
    <net code="16" name="SCK0">
      <node ref="RADIO1" pin="5"/>
      <node ref="JH3" pin="1"/>
    </net>
    <net code="17" name="26">
      <node ref="JH3" pin="2"/>
    </net>
    <net code="18" name="program">
      <node ref="JH3" pin="3"/>
    </net>
    <net code="19" name="MISO0">
      <node ref="JH3" pin="7"/>
      <node ref="RADIO1" pin="7"/>
    </net>
    <net code="20" name="Net-(JH2-Pad1)">
      <node ref="JH2" pin="1"/>
    </net>
    <net code="21" name="Net-(JH2-Pad10)">
      <node ref="JH2" pin="10"/>
    </net>
    <net code="22" name="CE">
      <node ref="RADIO1" pin="3"/>
      <node ref="JH2" pin="11"/>
    </net>
    <net code="23" name="MOSI0">
      <node ref="RADIO1" pin="6"/>
      <node ref="JH2" pin="13"/>
    </net>
    <net code="24" name="Net-(JH2-Pad4)">
      <node ref="JH2" pin="4"/>
    </net>
    <net code="25" name="Net-(JH2-Pad5)">
      <node ref="JH2" pin="5"/>
    </net>
    <net code="26" name="Net-(JH2-Pad6)">
      <node ref="JH2" pin="6"/>
    </net>
    <net code="27" name="Net-(JH2-Pad7)">
      <node ref="JH2" pin="7"/>
    </net>
    <net code="28" name="Net-(JH2-Pad8)">
      <node ref="JH2" pin="8"/>
    </net>
    <net code="29" name="Net-(JH2-Pad9)">
      <node ref="JH2" pin="9"/>
    </net>
    <net code="30" name="Net-(JH2-Pad3)">
      <node ref="ROTARY1" pin="2"/>
      <node ref="JH2" pin="3"/>
    </net>
    <net code="31" name="Net-(JH2-Pad2)">
      <node ref="JH2" pin="2"/>
      <node ref="ROTARY1" pin="3"/>
    </net>
    <net code="32" name="3.3v">
      <node ref="C1" pin="1"/>
      <node ref="JH3" pin="5"/>
      <node ref="RADIO1" pin="2"/>
    </net>
    <net code="33" name="Net-(JH1-Pad11)">
      <node ref="U1" pin="2"/>
      <node ref="JH1" pin="11"/>
    </net>
    <net code="34" name="P16_Vin">
      <node ref="LEDS1" pin="3"/>
      <node ref="U1" pin="4"/>
    </net>
  </nets>
</export>
